[
  {
    "src": "./img/troop83_nbr.gif"
  },
  {
    "src": "./img/temple-2-2018.jpg"
  },
  {
    "src": "./img/eagle-4.jpg"
  },
  {
    "src": "./img/dinner.jpg"
  },
  {
    "src": "./img/eagle-1.jpg"
  },
  {
    "src": "./img/hiking-2.jpg"
  },
  {
    "src": "./img/256px-No_image_available.png"
  },
  {
    "src": "./img/summer-camp.jpg"
  },
  {
    "src": "./img/scout.png"
  },
  {
    "src": "./img/temple-4-2018.jpg"
  },
  {
    "src": "./img/star.png"
  },
  {
    "src": "./img/dec-court-of-honor-2-2017.jpg"
  },
  {
    "src": "./img/frisbee-golf.gif"
  },
  {
    "src": "./img/favicon.png"
  },
  {
    "src": "./img/temple-3-2018.jpg"
  },
  {
    "src": "./img/EagleScout_2K.jpg"
  },
  {
    "src": "./img/camporie.jpg"
  },
  {
    "src": "./img/favicon.ico"
  },
  {
    "src": "./img/william-k-eagle-project.jpg"
  },
  {
    "src": "./img/service-2.jpg"
  },
  {
    "src": "./img/campire.jpg"
  },
  {
    "src": "./img/mountain-boarding.jpg"
  },
  {
    "src": "./img/camp-site.jpg"
  },
  {
    "src": "./img/webelos.png"
  },
  {
    "src": "./img/eagle-project-2.jpg"
  },
  {
    "src": "./img/myfav.ico"
  },
  {
    "src": "./img/eagle-2.jpg"
  },
  {
    "src": "./img/hiking.jpg"
  },
  {
    "src": "./img/gac patch.gif"
  },
  {
    "src": "./img/first-class.png"
  },
  {
    "src": "./img/eagle-court2.jpg"
  },
  {
    "src": "./img/canoe.jpg"
  },
  {
    "src": "./img/eagle-court3.jpg"
  },
  {
    "src": "./img/three.jpeg"
  },
  {
    "src": "./img/darthvader.jpg"
  },
  {
    "src": "./img/001-GreaterAlabama.jpg"
  },
  {
    "src": "./img/temple-1-2018.jpg"
  },
  {
    "src": "./img/bslogocolor.gif"
  },
  {
    "src": "./img/walls-of-jerico.jpg"
  },
  {
    "src": "./img/campfire-sc.jpg"
  },
  {
    "src": "./img/lost_sea_campsite.jpg"
  },
  {
    "src": "./img/eagle-court.jpg"
  },
  {
    "src": "./img/dec-court-of-honor-2017.jpg"
  },
  {
    "src": "./img/eagle.png"
  },
  {
    "src": "./img/view.jpg"
  },
  {
    "src": "./img/nature-hike.jpg"
  },
  {
    "src": "./img/kyaking.jpg"
  },
  {
    "src": "./img/ThunderbirdTrail.jpg"
  },
  {
    "src": "./img/nameplate.png"
  },
  {
    "src": "./img/boat.jpg"
  },
  {
    "src": "./img/scout_drawing.jpg"
  },
  {
    "src": "./img/second-class.png"
  },
  {
    "src": "./img/kyaking2.jpg"
  },
  {
    "src": "./img/why-scouting.pdf"
  },
  {
    "src": "./img/eight.jpeg"
  },
  {
    "src": "./img/airplane.jpg"
  },
  {
    "src": "./img/meeting-place.png"
  },
  {
    "src": "./img/bsa logo.gif"
  },
  {
    "src": "./img/index.html"
  },
  {
    "src": "./img/life.png"
  },
  {
    "src": "./img/bsa_symbol.jpg"
  },
  {
    "src": "./img/scout-history.jpg"
  },
  {
    "src": "./img/frizzbie-hunt.jpg"
  },
  {
    "src": "./img/tenderfoot.png"
  },
  {
    "src": "./img/eagle-project.jpg"
  },
  {
    "src": "./img/service.jpg"
  },
  {
    "src": "./img/breakfast.jpg"
  },
  {
    "src": "./img/making-gadgets.jpg"
  },
  {
    "src": "./img/soar-rope-course-2017.jpg"
  },
  {
    "src": "./img/eclipse.jpg"
  },
  {
    "src": "./img/gac_patch.gif"
  },
  {
    "src": "./img/lost_sea_eye_of_the_needle.jpg"
  },
  {
    "src": "./img/canoe2.jpg"
  },
  {
    "src": "./img/eagle-court4.jpg"
  },
  {
    "src": "./img/eagle-3.jpg"
  },
  {
    "src": "./img/No_image_3x4.svg.png"
  }
]
